,name,order,quantity,sku
10,"Kernau KGH 644 CO, арт. KGH 644 CO (шт.)", ,1,KGH 644 CO
11,"Kernau KGH 644 OW, арт. KGH 644 OW (шт.)", ,1,KGH 644 OW
14,"Bosch PUG61KAA5E, арт. PUG61KAA5E (шт.)",1,1,PUG61KAA5E
15,"Franke FSM 709 HI LL KIT + фільтр (340.0678.204), арт. 340.0678.204 (шт.)",1,1,340.0678.204
22,"Falmec внешний мотор 1000 м3/ч (KACL.786#41F), арт. KACL.786#41F (шт.)", ,2,KACL.786#41F
23,"Smeg фільтр вугільний (комплект)FLT6, арт. FLT6 (шт.)", ,1,FLT6
25,"Kernau KCH 1591 NP, арт. KCH 1591 NP (шт.)", ,1,KCH 1591 NP
27,"Best POLAR white, арт. BESTPOLARWHITE (шт.)", ,1,BESTPOLARWHITE
32,"Falmec Gruppo Incasso 50cm 800m3, арт. FAL00492 (шт.)",1,1,FAL00492
33,"Franke FBI 525 BK (305.0680.919), арт. 05.0680.919 (шт.)",1,1,05.0680.919
36,"Bosch HBF113BR0Q, арт. HBF113BR0Q (шт.)",1,1,HBF113BR0Q
37,"Franke FMA 86 H BK (116.0606.098), арт. 116.0606.098 (шт.)",1,1,116.0606.098
44,"Bosch SMV2ITX14K, арт. SMV2ITX14K (шт.)",1,1,SMV2ITX14K
48,"Franke TURBO ELITE TE-50 (134.0535.229), арт. 134.0535.229 (шт.)",1,1,134.0535.229
49,"Franke TURBO ELITE TE-75 (134.0535.241), арт. 134.0535.241 (шт.)",1,1,134.0535.241
50,"Franke Пневмокнопка керування подрібнювачем, чорний матовий (112.0674.415), арт. 112.0674.415 (шт.)",1,1,112.0674.415
51,"Teka TR 750 (115890014), арт. 115890014 (шт.)",1,1,115890014
53,"Franke FSL 20 MW BK (131.0632.993), арт. 131.0632.993 (шт.)",15,1,131.0632.993
54,"Teka ML 8220 BIS, чорне скло (112030001


), арт. 112030001 (шт.)",1,1,112030001
59,"Liebherr IXCC 5165, арт. IXCC 5165 (шт.)",1,1,IXCC 5165
61,"Fabiano FWC 455 Inox, арт. FWC 455 Inox (шт.)",1,1,FWC 455 Inox
64,"Liebherr ICBNd 5163, арт. ICBNd5163 (шт.)",1,1,ICBNd5163
65,"Liebherr ICBNSE 5123, арт. ICBNSE5123 (шт.)",1,2,ICBNSE5123
66,"Liebherr ICBSd 5122 Plus, арт. ICBSd5122 Plus (шт.)",1,1,ICBSd5122 Plus
67,"Liebherr ICe 5103, арт. ICe5103 (шт.)", ,1,ICe5103
69,"Liebherr SICNd 5153, арт. SICNd5153 (шт.)",1,1,SICNd5153
70,"Siemens KI86NAD306, арт. KI86NAD306 (шт.)",1,1,KI86NAD306
75,"liebherr SIFNf 5108, арт. SIFNf5108 (шт.)",1,2,SIFNf5108
76,"Liebherr SUIG 1514, арт. SUIG1514 (шт.)", ,1,SUIG1514
78,"Liebherr IRBd 5150, арт. IRBd5150 (шт.)",1,1,IRBd5150
79,"Liebherr IRBdi 5180 Peak, арт. IRBdi5180 (шт.)", ,1,IRBdi5180
80,"Liebherr IRBe 5120, арт. IRBe5120 (шт.)",1,1,IRBe5120
81,"Liebherr UIK 1510, арт. UIK1510 (шт.)", ,1,UIK1510
92,"Bosch WTZ11400, арт. WTZ11400 (шт.)",1,1,WTZ11400
94,"Siemens WZ20400, арт. WZ20400 (шт.)",2,2,WZ20400
99,"Bosch WQG14200UA, арт. WQG14200UA (шт.)",1,1,WQG14200UA
102,"Bosch WAN28263UA, арт. WAN28263UA (шт.)",2,2,WAN28263UA
103,"Bosch WGA25400UA, арт. WGA25400UA (шт.)",1,1,WGA25400UA
109,"Liebherr WKb 1812, арт. WKb 1812 (шт.)", ,1,WKb 1812
111,"Liebherr CBNsdc 5753 Prime, арт. CBNsdc5753 (шт.)", ,1,CBNsdc5753
112,"Liebherr CN 5735, арт. CN5735 (шт.)",1,1,CN5735
113,"Liebherr CNbdd 5733 Plus, арт. CNbdd5733 (шт.)", ,1,CNbdd5733
114,"Liebherr CNbef 5723 Plus, арт. CNbef5723 (шт.)", ,1,CNbef5723
115,"Liebherr CNd 5753 Prime, арт. CNd5753 (шт.)",1,2,CNd5753
116,"Liebherr CNf 5203, арт. CNf5203 (шт.)", ,1,CNf5203
117,"Liebherr CNsff 5203 Pure, арт. CNsff5203 Pure (шт.)",1,1,CNsff5203 Pure
118,"Liebherr CT 2931, арт. CT2931 (шт.)",1,2,CT2931
119,"Liebherr CU 3331, арт. CU3331 (шт.)", ,1,CU3331
120,"Liebherr CUE 3331, арт. CUE3331 (шт.)", ,1,CUE3331
122,"Liebherr G 1213, арт. G1213 (шт.)", ,1,G1213
123,"Liebherr GN 1066, арт. GN1066 (шт.)", ,1,GN1066
125,"Liebherr CFF 1870, арт. CFF1870 (шт.)",1,1,CFF1870
127,"Liebherr KBgb 3864, арт. KBgb3864 (шт.)", ,1,KBgb3864
128,"Liebherr Tb 1400, арт. Tb1400 (шт.)", ,1,Tb1400
134,"Siemens TZ60003, арт. TZ60003 (шт.)", ,7,TZ60003
139,"Smeg HBF01CREU, арт. HBF01CREU (шт.)", ,1,HBF01CREU
140,"Smeg HBF11BLEU, арт. HBF11BLEU (шт.)", ,1,HBF11BLEU
141,"Smeg HBF22CREU, арт. HBF22CREU (шт.)", ,1,HBF22CREU
144,"Smeg DCF02SSEU, арт. DCF02SSEU (шт.)", ,1,DCF02SSEU
152,"Smeg CJF01WHMEU, арт. CJF01WHMEU (шт.)", ,1,CJF01WHMEU
153,"Smeg CJF11BLEU, арт. CJF11BLEU (шт.)", ,1,CJF11BLEU
154,"Smeg CJF11CREU, арт. CJF11CREU (шт.)", ,1,CJF11CREU
155,"Smeg CJF11WHEU, арт. CJF11WHEU (шт.)", ,1,CJF11WHEU
157,"KitchenAid 5KMT2204EMS, арт. 5KMT2204EMS (шт.)", ,1,5KMT2204EMS
158,"Smeg TSF01BLEU, арт. TSF01BLEU (шт.)", ,2,TSF01BLEU
159,"Smeg TSF01BLMEU, арт. TSF01BLMEU (шт.)", ,1,TSF01BLMEU
160,"Smeg TSF01CREU, арт. TSF01CREU (шт.)", ,1,TSF01CREU
161,"Smeg TSF01EGMEU, арт. TSF01EGMEU (шт.)", ,1,TSF01EGMEU
163,"Smeg TSF01WHEU, арт. TSF01WHEU (шт.)", ,2,TSF01WHEU
164,"Smeg TSF01WHMEU, арт. TSF01WHMEU (шт.)", ,1,TSF01WHMEU
165,"Smeg TSF02BLEU, арт. TSF02BLEU (шт.)", ,2,TSF02BLEU
166,"Smeg TSF02CREU, арт. TSF02CREU (шт.)", ,2,TSF02CREU
167,"Smeg TSF02WHEU, арт. TSF02WHEU (шт.)", ,2,TSF02WHEU
170,"Smeg KLF03BLEU, арт. KLF03BLEU (шт.)", ,2,KLF03BLEU
171,"Smeg KLF03BLMEU, арт. KLF03BLMEU (шт.)", ,2,KLF03BLMEU
172,"Smeg KLF03CREU, арт. KLF03CREU (шт.)", ,3,KLF03CREU
173,"Smeg KLF03EGMEU, арт. KLF03EGMEU (шт.)", ,1,KLF03EGMEU
174,"Smeg KLF03SSEU, арт. KLF03SSEU (шт.)", ,1,KLF03SSEU
175,"Smeg KLF03WHEU, арт. KLF03WHEU (шт.)", ,4,KLF03WHEU
176,"Smeg KLF04WHEU, арт. KLF04WHEU (шт.)", ,2,KLF04WHEU
177,"Smeg KLF05BLEU, арт. KLF05BLEU (шт.)", ,1,KLF05BLEU
178,"Smeg KLF05CREU, арт. KLF05CREU (шт.)", ,1,KLF05CREU
182,"Blanco  Набір декоративних елементів C-overflow та InFino у кольорі satin gold (одна чаша) (203476), арт. 203476 (шт.)", ,1,203476
187,"Blanco Разделочная доска наборная массив ясеня 240х435 мм (230700), арт. 230700 (шт.)", ,1,230700
188,"Blanco Ручка керування клапаном-автоматом satin gold (203495), арт. 203495 (шт.)", ,1,203495
189,"Blanco Сифон 1 1/2"" выход на 50 мм (137267), арт. 137267 (шт.)",-2,24,137267
190,"Blanco Сифон 1 1/2"" с гофрированной трубкой выход на 40 и 50 мм (137262), арт. 137262 (шт.)",4,1,137262
191,"Blanco Универсальные держатели TOP (235906), арт. 235906 (шт.)",1,2,235906
194,"Blanco  LATO satin gold (526699), арт. 526699 (шт.)", ,1,526699
196,"Franke  Active Plus дозатор, чорний матовий, 300 мл (119.0547.906), арт. 119.0547.906 (шт.)",1,1,119.0547.906
197,"Franke  Atlas   (112.0625.484), арт. 112.0625.484 (шт.)",1,1,112.0625.484
198,"Franke Comfort ХРОМ (119.0584.065), арт. 19.0584.065 (шт.)",1,1,19.0584.065
200,"Teka Сифон (8265) / (61001195), арт. 8265 (шт.)",13,4,8265
202,"Blanco Flexon II 60/2 (521471), арт. 521471 (шт.)", ,1,521471
206,"Blanco  DALAGO 8 SILGRANIT ніжний білий з клапаном-автоматом (527065), арт. 527065 (шт.)", ,1,527065
207,"Blanco ETAGON 6 Black Edition чорний з чорною відв.арм. InFino (526339), арт. 526339 (шт.)", ,1,526339
208,"Blanco ETAGON 700-U антрацит (525167), арт. 525167 (шт.)",1,1,525167
209,"Blanco ROTAN 400-U антрацит (521332), арт. 521332 (шт.)",1,1,521332
210,"Blanco ROTAN 500-U SILGRANIT вулканічний сірий (527329), арт. 527329 (шт.)", ,1,527329
211,"Blanco SUBLINE 480/320-U антрацит (523584), арт. 523584 (шт.)",1,1,523584
213,"Blanco ZENAR XL 6S-F 519205 чаша слева кофе, арт. 519205 (шт.)", ,1,519205
216,"Franke CNG 611-78 TL, бежевий, крило ліворуч (114.0630.467), арт. 114.0630.467 (шт.)", ,1,114.0630.467
217,"Franke KNG 120 оникс (125.0517.122), арт. 125.0517.122 (шт.)",2,2,125.0517.122
218,"Franke MRG 160 онікс (125.0701.782), арт. 125.0701.782 (шт.)",1,1,125.0701.782
219,"Franke MRG 651-78 мигдаль (114.0381.014), арт. 114.0381.014 (шт.)", ,1,114.0381.014
221,"Franke PBG 651  бежевий(114.0258.080), арт. 114.0258.080 (шт.)", ,1,114.0258.080
224,"Teka Aura 60 B-TG сірий металік+скляна дошка (40143063), арт. 40143063 (шт.)", ,1,40143063
225,"Teka STONE 50 B-TG 1B 1D білий (115330019), арт. 115330019 (шт.)", ,1,115330019
228,"Blanco ETAGON 500-U (521841), арт. 521841 (шт.)", ,1,521841
229,"Blanco SOLIS 500-U нерж.сталь полірована з відв. арм. InFino (526122), арт. 526122 (шт.)", ,1,526122
230,"Blanco Tipo 9E 511582 Сталь матовая, арт. 811582 (шт.)", ,1,811582
231,"Franke BWX 120-41-27 (122.0579.553), арт. 122.0579.553 (шт.)", ,1,122.0579.553
232,"Teka BE LINEA R15 2B (10125166), арт. 10125166 (шт.)", ,1,10125166
234,"Teka DEVA матова (10133003), арт. 10133003 (шт.)", ,1,10133003
235,"Teka STAGE 45 B (30000610), арт. 30000610 (шт.)", ,1,30000610
236,"Teka STYLO 1B 1D микротекстура (10107043), арт. 10107043 (шт.)", ,1,10107043
237,"Teka Stylo 1B 1D полированная (10107021), арт. 10107021 (шт.)", ,1,10107021
238,"Teka Stylo 2B лен (11107044), арт. 11107044 (шт.)",-1,1,11107044
239,"Teka Universo 1B 1D микротекстура (10120045), арт. 10120045 (шт.)", ,2,10120045
240,"Teka Universo 2B 79 полированая (10120009), арт. 10120009 (шт.)", ,1,10120009
242,"Franke S2D 611-62, білий (143.0627.382), арт. 143.0627.382 (шт.)",1,1,143.0627.382
246,"Blanco CATRIS-S Flexo чорний матовий (525793), арт. 525793 (шт.)",1,2,525793
248,"Blanco FONTAS II нерж сталь (523129), арт. 523129 (шт.)", ,1,523129
249,"Blanco FONTAS-S II  хром (525198), арт. 525198 (шт.)",2,2,525198
250,"Blanco FONTAS-S II черный (526158), арт. 526158 (шт.)", ,2,526158
251,"Blanco LANORA нерж. сталь (523122), арт. 523122 (шт.)", ,1,523122
252,"Blanco LINUS-S чорний 526148, арт. 526148 (шт.)", ,1,526148
253,"Blanco TRIMA вулканічний сірий (526978), арт. 526978 (шт.)", ,1,526978
255,"Franke NEPTUNE Clear Water хром/онiкс (115.0370.694), арт. 115.0370.694 (шт.)",4,4,115.0370.694
256,"Franke Pescara 360 ° чорний матовий (115.0545.136), арт. 115.0545.136 (шт.)",1,1,115.0545.136
258,"Teka FO 915 чорный 62915020NC, арт. 62915020NC (шт.)", ,1,62915020NC
259,"Teka FO 985 (629850210), арт. 629850210 (шт.)", ,1,629850210
267,"Miele Кавник 29992617EU1, арт. 29992617EU1 (шт.)", ,2,29992617EU1
281,"Miele Змінні леза (10 шт), арт. 26996045D (шт.)", ,1,26996045D
282,"Miele НАБІР ПОСУДУ FISKARS ""ALL STEEL"" KMTS 5704-2, арт. 26996102EU1 (шт.)", ,1,26996102EU1
283,"Miele Пластина для гриля Гурме GGRP, арт. 26996091EU1 (шт.)", ,1,26996091EU1
288,"Miele SBD 365-3  унiверсальна щiтка для пiдлоги, арт. 41996485EU1 (шт.)", ,2,41996485EU1
290,"Miele SPD 20 Насадка для м'яких меблів, арт. 41996650EU1 (шт.)", ,2,41996650EU1
291,"Miele SSP 10, арт. 41996443D (шт.)", ,1,41996443D
292,"Miele STB 305-3 турбощітка, арт. 41996606EU1 (шт.)", ,2,41996606EU1
300,"Miele Насадка для матраців SMD 10, арт. 41996487 (шт.)", ,3,41996487
306,"Miele Щітка універсальна SUB 20, арт. 41996515D (шт.)", ,3,41996515D
310,"Miele CSZL 7000, арт. CSZL 7000 (шт.)",2,1,CSZL 7000
312,"Miele EVS 7010 черный обсидиан, арт. EVS 7010 черный обсидиан (шт.)",2,1,EVS 7010 черный обсидиан
322,"Miele CS 7632 FL, арт. CS 7632 FL (шт.)",1,1,CS 7632 FL
324,"Miele DA 2578 CleanSteel, арт. DA 2578 CleanSteel (шт.)", ,1,DA 2578 CleanSteel
347,"Miele CM 7350 черная, арт. CM 7350 черная (шт.)", ,1,CM 7350 черная
350,"Miele SBAF3 белый лотос, арт. SBAF3 белый лотос (шт.)", ,2,SBAF3 белый лотос
353,"Miele SGDP3 черный, арт. 41GDP333UA (шт.)", ,1,41GDP333UA
364,"Miele SNRF3 BOOST CX1 чорний обсідіан, арт. 41NRF331UA (шт.)", ,2,41NRF331UA
376,"Miele Caps Sport (10шт) Засіб для прання спортивного одягу 11997085EU2, арт. 11997085EU2 (шт.)", ,3,11997085EU2
402,"Miele ёмкость для TwinDos 1 10223070, арт. 10223070 (шт.)", ,3,10223070
408,"Miele Засіб для чистки блока TwinDos, арт. 11997165RU (шт.)", ,7,11997165RU
417,"Miele Порошковий миючий засіб для білого UltraWhite (1,1кг), арт. 11997266EU6 (шт.)", ,3,11997266EU6
429,"Miele G 7560 SCVi, арт. G 7560 SCVi (шт.)", ,1,G 7560 SCVi
432,"Miele WCR 870 WPS, арт. WCR 870 WPS (шт.)",1,1,WCR 870 WPS
436,"Miele WWV 980 WPS, арт. WWV 980 WPS (шт.)",3,2,WWV 980 WPS
446,"Miele TWV 680 WP Passion, арт. TWV 680 WP Passion (шт.)",1,2,TWV 680 WP Passion
452,"Miele KDN 4174 E Active нерж.сталь, арт. 38417451OER (шт.)", ,1,38417451OER
